,Message,Favourite_Count,Retweet_Count,Created_At,user_name,followers
0,"December 7th: The Movie, 1943 directed by John Ford #movie #fullmovie #film #movies #pd 

** GSuite:â€¦ https://t.co/vVwLlhhGtH",0,0,2019-08-26 08:26:36,Public domain movies,758
1,"æ˜­å’Œã®æ˜ ç”»
#illustration #fumiishiwata #movie #artwork #hawaii #actor #artist #illustrator #painting #drawing #popularâ€¦ https://t.co/mU0AdK0Gbw",0,0,2019-08-26 08:25:36,fumiishiwata_illustration,8
2,RT @Biniam_BinIAM_: @NancySinatra R.I.P.  #PeterFonda   / EASY RIDER / #movie #film  #áŒ‰áŒáˆ #Peace &amp; #freedom #BinIAM https://t.co/gV67hEqoJW,0,2,2019-08-26 08:25:26,Biniam YIBALEH BinIAM á‰¢áŠ•á‹«áˆ: á‹­á‰£áˆáˆ…,517
3,ã€ #landscape #10s ã€‘æ·±å¤œé£Ÿå ‚(2015)_3 https://t.co/AOtleT19Ov #ComtemporaryArt #FineArt #PopArt #art #eiga #movie #japan #ã‚¢ãƒ¼ãƒˆ #é¢¨æ™¯,0,0,2019-08-26 08:25:11,ã‚¢ãƒ¼ã‚±ãƒ­ãƒ³ãƒ–ãƒƒã‚¯ã‚¹,5208
4,"Alans UK tour. Dungeness. ""Please tell me that's your tongue"" https://t.co/nUh09M4GbP #movie #film #voiceâ€¦ https://t.co/Xo7f7LARWX",0,0,2019-08-26 08:24:26,scarlet monahan,354694
5,"RT @sebastien_P38: Des milliers et des milliers dâ€™annÃ©es
Ne sauraient suffire
Pour dire
La petite seconde dâ€™Ã©ternitÃ©
OÃ¹ tu mâ€™as embrassÃ©
OÃ¹â€¦",0,6,2019-08-26 08:22:36,JLL PhotographeğŸ“·,2126
6,RT @Blue_Baikal: Flemingfarm recently shared the #newtrailer for The Dark Crystal: Age of Resistance. We doubt youâ€™re as much a #fan as theâ€¦,0,22,2019-08-26 08:21:57,Kweelinnhtetzaw,23
7,Morning #movie - Paths of Glory. Provocative and tragic. Love the harrowing yet beautiful long take through the trenches.,0,0,2019-08-26 08:20:36,Lee Greatorex,404
8,"Sebelum Iblis Menjemput Ayat Dua

#SenimanMudaBerkarya #SIMA2 #timotjahjantoÂ #sebelumiblismenjemputayatdua #horrorÂ â€¦ https://t.co/fpN4BHXwlm",0,0,2019-08-26 08:20:12,Kakafauzi,71
9,New #giveaway from @jewishladyblog! It's #movie time! Enter to win a $50 #giftcard from @fandango https://t.co/EPlskDpr1e,0,1,2019-08-26 08:20:07,ğŸ€Klondike ğŸ¬ğŸ’—,17579
10,"RT @HanakovaEva: â€œVÅ¡echny ty chvÃ­le zmizÃ­ v Äase jako slzy v deÅ¡ti...â€ 

KultovnÃ­ film a kultovni poslednÃ­ scÃ©na, kterÃ¡ je povaÅ¾ovÃ¡na za neâ€¦",0,3,2019-08-26 08:19:40,bÄ›tka.bÃ¡thory,811
11,"RT @IvanFiore_: Woran merkt man, das man zu viele Filme gesehen hat? Wen man drauf wartet das die Autos sich transformieren und es nicht abâ€¦",0,1,2019-08-26 08:18:09,Y0SH!,67
12,Missing Link #Movie https://t.co/teXgvzgU5C via @fredalicious https://t.co/lWmZk4OdU4,0,0,2019-08-26 08:18:02,Jess@From Me to You,5368
13,"æœ€è¿‘è¦‹ãŸã‚¨ãƒ«ãƒˆãƒ³ã‚¸ãƒ§ãƒ³ã¯ã‚­ãƒ³ã‚°ã‚¹ãƒãƒ³
æœãŸã—ã¦é¢ç™½ã„ã‹ãª
#rocketman #movie https://t.co/Cm1EwBdtqJ",0,0,2019-08-26 08:17:07,Summer's Gone,1124
14,"RT @ticketplanetNG: Who else can relate? The weekend is over alreadyğŸ˜­ğŸ˜­ğŸ˜­
Have a beautiful day and an awesome week!
#TicketPlanetNg #Monday #â€¦",0,1,2019-08-26 08:16:07,Mary and The Witchâ€™s Flower,19
15,RT @RWITT_: #thehunchbackofnotredame #fanart #art #artist #drawing #draw #illustration #dessin #disegno #desenho #artwork #disney #pixar #wâ€¦,0,5,2019-08-26 08:15:56,Lady Daijanah,79
16,Alan vs karma https://t.co/EWYDDrng7y #animation #art #movies #stopmotionanimation #StopMotion #shortfilmâ€¦ https://t.co/P8hdiPrZdU,0,0,2019-08-26 08:15:43,stiff middle finger ,8314
17,Click https://t.co/zpGfxgcn0J to see #EvanLefavor do an #InDepth #Breakdown of the #Leaked #SONY #SpiderMan #Movieâ€¦ https://t.co/VNmD1YEmB0,1,0,2019-08-26 08:14:23,Evan Lefavor,2005
18,@crisf2525 @crisf2525 Due to business workloads and mornings spent at Community Health Centre I have limited time fâ€¦ https://t.co/BMHfTxOTYg,0,0,2019-08-26 08:13:29,Princess Rina,129241
19,"RT @publictvnews: à²¸à³†à²ªà³à²Ÿà³†à²‚à²¬à²°à³ 7à²•à³à²•à³† à²¦à²°à³à²¶à²¨à³â€à²°à²¿à²‚à²¦ â€˜à²Ÿà²•à³à²•à²°à³â€™ à²†à²¡à²¿à²¯à³‹ à²¬à²¿à²¡à³à²—à²¡à³†
https://t.co/jReo8jbcYd

#Bengaluru #Sandalwood #Takkar #Movie #Audio",0,2,2019-08-26 08:13:14,à²¹à²°à³à²·à²µà²°à³à²§à²¨à³ à²šà²•à³à²°à²µà²°à³à²¤à²¿,3118
20,"ãƒ˜ã‚¢ã‚¢ã‚¤ãƒ­ãƒ³ã®æ©Ÿèƒ½ç´¹ä»‹ã®å‹•ç”»æ’®å½±ä¸­ğŸ˜
å…¨é¢ãƒ”ãƒ³ã‚¯ä¸€è‰²ã®ä¸–ç•Œã€œã€œã€œğŸŒ¸ğŸŒ¸ğŸŒ¸
ãƒ¢ãƒ‡ãƒ«ã¯å¼Šç¤¾ã®sobisya models ã®æ–¹ã§ã™!

#ç¾¤é¦¬ #å‰µç¾ç¤¾ #æ’®å½± #å‹•ç”» #ã‚¹ã‚¿ã‚¸ã‚ª #ãƒ˜ã‚¢ã‚¢ã‚¤ãƒ­ãƒ³ #movie #ãƒ¢ãƒ‡ãƒ«  #modelâ€¦ https://t.co/93p2q9FAK1",1,0,2019-08-26 08:09:19,å‰µç¾ç¤¾_Main,56
21,RT @ethan1960: #å’æ¥­ç™½æ›¸ #RiskyBusiness(1983)ã‚ã‚‰ã™ã˜ https://t.co/VAgvjUHfyP å¤§å­¦é€²å­¦ã‚’æ§ãˆã‚‹é«˜æ ¡ç”Ÿã®ã‚³ãƒ¼ãƒ«ã‚¬ãƒ¼ãƒ«ã¨ã®é–¢ä¿‚ã¨å·»ãèµ·ã“ã‚‹é¨’å‹•ã‚’æã #ãƒˆãƒ ãƒ»ã‚¯ãƒ«ãƒ¼ã‚º #ãƒ¬ãƒ™ãƒƒã‚«ãƒ»ãƒ‡ãƒ¢ãƒ¼ãƒã‚¤ã€#PaulBrickmanâ€¦,0,1,2019-08-26 08:08:31,Luna.ğŸ‡ªğŸ‡¸ğŸ‡ªğŸ‡¸ğŸ‡ªğŸ‡¸ğŸ‡ªğŸ‡¸ğŸ‡ªğŸ‡¸Que viva EspaÃ±a!!.,2948
22,"à®‡à®£à¯ˆà®¯à®¤à¯à®¤à®¿à®²à¯ à®•à®šà®¿à®¨à¯à®¤ â€˜à®‡à®¨à¯à®¤à®¿à®¯à®©à¯ 2â€™ à®•à®¤à¯ˆ... à®…à®²à¯à®Ÿà®¿à®®à¯‡à®Ÿà¯ à®…à®¤à®•à®³à®®à¯!

https://t.co/oT87ycyeck 

#Indian2 #Kamal #KamalHaasanâ€¦ https://t.co/DaHAi1ngud",1,0,2019-08-26 08:07:43,à®¤à®®à®¿à®´à¯ à®µà¯€à®¤à®¿,14280
23,"â¡ï¸Read the flyer, ğŸ‘¨â€ğŸ’»ğŸ‘©ğŸ½â€ğŸ’» check the date, ğŸ‘€ğŸ—“ catch us thereâ€¼ï¸ğŸ•ºğŸ’ƒğŸ˜ˆğŸ¬ğŸğŸ¥ ğŸ’¯âœ–ï¸ğŸ™
â€”â€”â€”â€”â€”â€”â€”â€”â€”â€”â€”â€”â€”â€”â€”â€”â€”-
#videographer #wshhâ€¦ https://t.co/AydA3NV2Kg",1,0,2019-08-26 08:07:39,ğŸ‘¼Ble$$ğŸ‘‘KiDD'ğŸ™ğŸ•Š #BackedUpOnTheWay ğŸ‡²ğŸ‡½,289
24,"RT @TenaceMente_com: #LadyGaga Ã¨ convinta di essere perseguitata da un fantasma: https://t.co/d9HTzXQuwk

#26agosto #diVedere #SentimentiInâ€¦",0,1,2019-08-26 08:07:29,Enzo,436
25,"#Movie ""Soldier of God"" (2005) https://t.co/CSTttMKAtj",0,0,2019-08-26 08:07:06,FULLTV Online EN,3932
26,"RT @wars_trump: When you consider the destiny of the Skywalker family, you wonder what â€œriseâ€ in Star Wars: The Rise of Skywalker means.
Weâ€¦",0,1,2019-08-26 08:06:53,Rhett V. Wilkinson,3685
27,Real telekinesis Practice1_Supernatural power is important yourself feel actually. https://t.co/bVcLKOFJTR #YouTube #Video #Movie,0,0,2019-08-26 08:06:22,Sprite,97
28,"#Google #googlesearch #movie ÑĞ¶Ğ½Ğ¾ĞºĞ¾Ñ€ĞµĞ¹ÑĞºĞ°Ñ ĞºĞ¾Ğ¼ĞµĞ´Ğ¸Ñ 2001 Ğ³Ğ¾Ğ´Ğ° Ğ¿Ñ€Ğ¾ Ğ±Ğ¾ĞµĞ²Ñ‹Ğµ Ğ¸ÑĞºÑƒÑÑÑ‚Ğ²Ğ°.
Ğ’ ĞºĞ¾Ñ‚Ğ¾Ñ€Ğ¾Ğ¼ Ğ½ĞµÑ‚ Ñ‡ĞµÑ€Ğ½Ñ‹Ñ…, Ğ½Ğ¾ Ñƒ Googlâ€¦ https://t.co/3xhHsBXmGe",0,0,2019-08-26 08:06:13,Maksym Sapozhnyk,10
29,"RT @HanakovaEva: â€œVÅ¡echny ty chvÃ­le zmizÃ­ v Äase jako slzy v deÅ¡ti...â€ 

KultovnÃ­ film a kultovni poslednÃ­ scÃ©na, kterÃ¡ je povaÅ¾ovÃ¡na za neâ€¦",0,3,2019-08-26 08:05:24,Johnie Bass,11
30,RT @IamYanetGarcia: ğŸ™ğŸ» @Bellezonismo_  Disponible en Amazon @PrimeVideoMX ğŸ™ŒğŸ»â¤ï¸ğŸ‡²ğŸ‡½ğŸ¬ğŸ¿ğŸ”¥ #actress #movie #amazon #PrimeVideo https://t.co/jSFSnlâ€¦,0,14,2019-08-26 08:03:54,RÃ©mi RICHAUD,258
31,"When you consider the destiny of the Skywalker family, you wonder what â€œriseâ€ in Star Wars: The Rise of Skywalker mâ€¦ https://t.co/eHtFcFa0Gh",1,1,2019-08-26 08:02:18,Geeks Against Trump,1
32,RT @Keithrommel: Death has come for Cailean and offers her a chance at redemption... but for a price. What would you be willing to do to prâ€¦,0,135,2019-08-26 08:02:06,Gemma Lawrence,52682
33,"#LadyGaga Ã¨ convinta di essere perseguitata da un fantasma: https://t.co/d9HTzXQuwk

#26agosto #diVedereâ€¦ https://t.co/M5AqXo0b98",1,1,2019-08-26 08:01:30,TenaceMente,719
34,æ—…è¡Œã‚‚äººç”Ÿã¨åŒã˜ã‚ˆã†ã«ã€ï¼˜ï¼ï¼…ã®æº€è¶³ã§ã‚ˆã„ã€‚ã€€by å¶ç„¶ã®æ—…è¡Œè€… #movie,0,0,2019-08-26 08:00:38,åã‚¼ãƒªãƒ•,904
35,"Oh wow. OOOOH WOW. Who is excited to see #BlackWidow? 
.
.
.
.

#Instanews #Ootd #Instamusic #bollywood  #moviesâ€¦ https://t.co/3d6hEfrfEn",1,0,2019-08-26 08:00:11,Tentaran.com,1337
36,To the late legendary Robin William's #90sactorchallenge #legendary #RobinWilliams #movie #feature #instagramâ€¦ https://t.co/4KAEM8pScA,0,0,2019-08-26 07:59:27,SplinterDaz,32
37,ã‚¸ã‚§ãƒ‹ãƒ•ã‚¡ãƒ¼ãƒ»ãƒ­ãƒšã‚¹ï¼†ã‚ªãƒ¼ã‚¦ã‚§ãƒ³ãƒ»ã‚¦ã‚£ãƒ«ã‚½ãƒ³ã€æ­Œæ‰‹ã¨æ•™å¸«ã®æ‹ã‚’æãã€Marry Meã€ã«ãƒãƒ«ãƒãŒå‡ºæ¼” #movie #æ˜ ç”» https://t.co/aa0BVy1GM7 https://t.co/jKaTLhFp2U,0,0,2019-08-26 07:59:11,ã‚­ãƒ¥ãƒ¼ãƒ†ã‚£ãƒ¼æ˜ ç”» cuemovie,1460
38,"RT @neelikhan: ""@MarreseCrump: #Sultan #india #Movie # https://t.co/yLyYA6ssez"" @BeingSalmanKhan #SULTAN",0,62,2019-08-26 07:57:57,DABANGG3,291
39,ã€å®šæœŸã€‘ã€Œæ˜ ç”»é–¢é€£ã‚°ãƒƒã‚ºã€ã‚’è²·ãˆï¼æ˜ ç”»æ¥­ç•Œã«å°‘ã—ã§ã‚‚æ½¤ã„ã‚’ï¼ https://t.co/7Qr4g1HdYS #movie #eiga #æ˜ ç”» #é‚¦ç”»,0,0,2019-08-26 07:57:21,ã›ãï¼ ã¾ã•,877
40,"Una tenue voce si sente nel #buio. Versi dellâ€™idioma #elfico echeggiano, sommessi, troncando il #silenzio.â€¦ https://t.co/dst8usx4Mq",1,0,2019-08-26 07:57:09,Emilio Giordano,324
41,Time lapse of cloudy sky over #skyscrapers in downtown #Houston - #StockFootage https://t.co/LxYAZCKwuF via @pond5â€¦ https://t.co/uZ4IrW9VrF,0,0,2019-08-26 07:54:55,ShareefQamarShabazz,692
42,"Woran merkt man, das man zu viele Filme gesehen hat? Wen man drauf wartet das die Autos sich transformieren und esâ€¦ https://t.co/eHrB1LLSXW",3,1,2019-08-26 07:53:11,Kei|Skull #P5 @Home,136
43,"RT @CDJapan: Pre-order started.

Code Geass: Lelouch of the Re;surrection [Limited Edition]
https://t.co/Nhz67JD4Qf

At this point, you canâ€¦",0,1,2019-08-26 07:52:56,Teilzeitotaku,284
44,"Pre-order started.

Code Geass: Lelouch of the Re;surrection [Limited Edition]
https://t.co/Nhz67JD4Qf

At this poiâ€¦ https://t.co/zwKyL5s5d3",4,1,2019-08-26 07:52:35,CDJapan,27872
45,#LaLuna @Pixar #screenshot #animated #movie #PixarShortFilms https://t.co/UKskjlmVKR,0,0,2019-08-26 07:51:54,Animated Movie Scenes,9
46,The Angry Birds Movie 2 Movie Premiums Giveaway https://t.co/QfWC7m5QtG via @saysdotcom #AngryBirdsMovie2 #Movieâ€¦ https://t.co/rby8N2MjMR,0,0,2019-08-26 07:51:41,PjlLghtHouse,407
47,"RT @mr_otsiman: Last weekend at the @goldenmawards
ğŸ“¸ğŸ“¸ğŸ“¸ @swagofafrica1
Thank you @chapterscouture for my outfit. 
#goldenmovieawards2019 #gmâ€¦",0,1,2019-08-26 07:51:07,GOLDEN MOVIE AWARDS AFRICA,1517
48,"RT @ayktsahin56: Subscribe to me please ğŸ˜Š #youtube #pazartesi #subscribe #SubscribeNow
#youtuber #movie #movieclips #trailer #marvel #Avengâ€¦",0,1,2019-08-26 07:50:13,The Avengers Zone,1358
49,#filme #amor #lindos #pseuteamo #movie #citaÃ§Ã£o #frases ğŸ’• https://t.co/gqSAipcAJl,0,0,2019-08-26 07:49:46,Morgana Grah,222
50,RT @DansTonCinema: ğŸ ! #Concours RT + FOLLOW pour gagner 2 exemplaires 4K + Bluray de #Avengers #EndGame [Fin le 01/09] ! ğŸ https://t.co/Dxâ€¦,0,534,2019-08-26 08:26:40,Mariline,446
51,RT @DansTonCinema: ğŸ ! #Concours RT + FOLLOW pour gagner 2 exemplaires 4K + Bluray de #Avengers #EndGame [Fin le 01/09] ! ğŸ https://t.co/Dxâ€¦,0,534,2019-08-26 08:26:07,Pizzuto HÃ©lÃ¨ne,28
52,"RT @MintMovie: à¸ à¸²à¸à¸™à¸´à¹ˆà¸‡/à¹€à¸šà¸·à¹‰à¸­à¸‡à¸«à¸¥à¸±à¸‡ à¸ˆà¸²à¸ #Avengers à¸—à¸±à¹‰à¸‡ Infinity War à¹à¸¥à¸° Endgame à¸–à¹ˆà¸²à¸¢à¸ à¸²à¸à¹‚à¸”à¸¢ Chuck Zlotnick 

: https://t.co/oh4G6ZPDXc https:/â€¦",0,33,2019-08-26 08:25:38,-24/7:365.-,38
53,"RT @iisha_256: å®ˆã£ã¦ãã‚Œã¦ã€ç«‹ã¡å‘ã‹ã£ã¦ãã‚Œã¦ã‚ã‚ŠãŒã¨ã†ï¼
#Avengers 
#AvengersEndgame https://t.co/QkB6a8vom0",0,967,2019-08-26 08:25:00,çµµæãã®ãƒ­ãƒ³,223
54,RT @DansTonCinema: ğŸ ! #Concours RT + FOLLOW pour gagner 2 exemplaires 4K + Bluray de #Avengers #EndGame [Fin le 01/09] ! ğŸ https://t.co/Dxâ€¦,0,534,2019-08-26 08:24:31,Tatili,32
55,RT @DansTonCinema: ğŸ ! #Concours RT + FOLLOW pour gagner 2 exemplaires 4K + Bluray de #Avengers #EndGame [Fin le 01/09] ! ğŸ https://t.co/Dxâ€¦,0,534,2019-08-26 08:23:57,rc cosmos,804
56,RT @DansTonCinema: ğŸ ! #Concours RT + FOLLOW pour gagner 2 exemplaires 4K + Bluray de #Avengers #EndGame [Fin le 01/09] ! ğŸ https://t.co/Dxâ€¦,0,534,2019-08-26 08:23:38,Gautaz,744
57,"RT @MintMovie: à¸ à¸²à¸à¸™à¸´à¹ˆà¸‡/à¹€à¸šà¸·à¹‰à¸­à¸‡à¸«à¸¥à¸±à¸‡ à¸ˆà¸²à¸ #Avengers à¸—à¸±à¹‰à¸‡ Infinity War à¹à¸¥à¸° Endgame à¸–à¹ˆà¸²à¸¢à¸ à¸²à¸à¹‚à¸”à¸¢ Chuck Zlotnick 

: https://t.co/oh4G6ZPDXc https:/â€¦",0,33,2019-08-26 08:23:31,à¸„à¸™à¸­à¸°à¹„à¸£à¸à¸¹à¸”à¸­à¸¢à¸¹à¹ˆà¸„à¸™à¹€à¸”à¸µà¸¢à¸§,405
58,"RT @techsocialnet: Marvel Phase 4 | techsocialnetwork | NewsÂ 

https://t.co/2nJyB6snqv

Marvel Phase 4 movies: Hereâ€™s when Avengers Endgameâ€¦",0,2,2019-08-26 08:22:25,techsocialnetwork,5411
59,"RT @techsocialnet: Hereâ€™s everything we know so far about Marvelâ€™s first Asian-led movie | techsocialnetwork 

https://t.co/opez0iLoXF

#maâ€¦",0,2,2019-08-26 08:22:12,techsocialnetwork,5411
60,"RT @techsocialnet: Marvel's The Eternals movie: cast, story, news and more | techsocialnetwork 

https://t.co/r2ZoxZvzOb

#Marvel #Avengersâ€¦",0,2,2019-08-26 08:22:06,techsocialnetwork,5411
61,RT @MarvelMovieFan: LEGO MARVEL'S THE AVENGERS * XBOX ONE DIGITAL GAME DOWNLOAD * SAME DAY DELIVERY https://t.co/eqqKATcN6R #marvel #moviesâ€¦,0,1,2019-08-26 08:21:10,The Avengers Zone,1358
62,RT @MarvelMovieFan: Movie Masterpiece The Avengers Infinity War 1/6 scale figure Black... from Japan https://t.co/LahTRiz1OH #marvel #movieâ€¦,0,1,2019-08-26 08:20:52,The Avengers Zone,1358
63,RT @Scarlett_Jo: Here we go!â¤ï¸#blackwidow #blackwidowmovie #avengers #avengersendgame #scarlettjohansson #davidharbour #mcu #D23Expo https:â€¦,0,27,2019-08-26 08:20:32,Leo marvel,37
64,"RT @Rajib76450004: New #BlackWidow concept art poster by @andyparkart revealed at #D23Expo! #MarvelStudios .It will hit theaters on May 1,â€¦",0,1,2019-08-26 08:20:26,ronnie cassol,3210
65,RT @MarvelMovieFan: HZYM Spiderman Far From Home Cosplay Mysterio Costume Men's Superhero Only Cape https://t.co/UFJNEZuBuW #marvel #moviesâ€¦,0,1,2019-08-26 08:20:16,The Avengers Zone,1358
66,"RT @iisha_256: å®ˆã£ã¦ãã‚Œã¦ã€ç«‹ã¡å‘ã‹ã£ã¦ãã‚Œã¦ã‚ã‚ŠãŒã¨ã†ï¼
#Avengers 
#AvengersEndgame https://t.co/QkB6a8vom0",0,967,2019-08-26 08:19:54,ã‚ã‚„ã‚,15
67,"RT @Jonnymovgamer: I just entered @AlertBot's contest to win a Fire TV Stick 4K &amp; a copy of ""Avengers: Endgame"" and other cool Avengers priâ€¦",0,2,2019-08-26 08:19:44,chris,221
68,I love Thor Ragnorak. IMO one of the better Infinity Saga movies and easily the best Thor movie in that sagaâ€¦ https://t.co/s2R6vfobBY,2,0,2019-08-26 08:19:37,Greenstien,677
69,"RT @MintMovie: à¸ à¸²à¸à¸™à¸´à¹ˆà¸‡/à¹€à¸šà¸·à¹‰à¸­à¸‡à¸«à¸¥à¸±à¸‡ à¸ˆà¸²à¸ #Avengers à¸—à¸±à¹‰à¸‡ Infinity War à¹à¸¥à¸° Endgame à¸–à¹ˆà¸²à¸¢à¸ à¸²à¸à¹‚à¸”à¸¢ Chuck Zlotnick 

: https://t.co/oh4G6ZPDXc https:/â€¦",0,33,2019-08-26 08:19:34,+SZA+,117
70,New #BlackWidow concept art poster by @andyparkart revealed at #D23Expo! #MarvelStudios .It will hit theaters on Maâ€¦ https://t.co/Fzd3BsEKzU,1,1,2019-08-26 08:19:34,Rajib,5
71,"RT @Jonnymovgamer: I just entered @AlertBot's contest to win a Fire TV Stick 4K &amp; a copy of ""Avengers: Endgame"" and other cool Avengers priâ€¦",0,2,2019-08-26 08:19:30,The Avengers Zone,1358
72,"RT @Aster_th: #Loki  see a little bit of a difference ore maybe itâ€™s the light and setting 
#AvengersEndgame 
#Avengers #d23 Expo 2019
 #Maâ€¦",0,6,2019-08-26 08:19:27,ã†ãƒ¼ã‚‚1102,252
73,RT @DansTonCinema: ğŸ ! #Concours RT + FOLLOW pour gagner 2 exemplaires 4K + Bluray de #Avengers #EndGame [Fin le 01/09] ! ğŸ https://t.co/Dxâ€¦,0,534,2019-08-26 08:19:01,serrescarole,488
74,"I just entered @AlertBot's contest to win a Fire TV Stick 4K &amp; a copy of ""Avengers: Endgame"" and other cool Avengerâ€¦ https://t.co/Yebwvzpr3O",1,2,2019-08-26 08:18:58,Jonathan Glidden,1076
75,"à¸„à¸´à¸”à¸–à¸¶à¸‡à¸•à¸­à¸™à¹€à¸„à¹‰à¸²à¸­à¸¢à¸¹à¹ˆà¸à¸±à¸™à¸„à¸£à¸š 6 à¸„à¸™à¹à¸¥à¹‰à¸§à¸™à¹‰à¸³à¸•à¸²à¸ˆà¸°à¹„à¸«à¸¥ ğŸ˜­
#Avengers
#a6
https://t.co/B5OJ2VlYqn",0,0,2019-08-26 08:17:45,"Letâ€‹ meâ€‹ go, it'sâ€‹ okâ€‹ayâ€‹",21
76,HZYM Spiderman Far From Home Cosplay Mysterio Costume Men's Superhero Only Cape https://t.co/UFJNEZuBuW #marvelâ€¦ https://t.co/tyPuRVZ4fZ,1,1,2019-08-26 08:16:34,Marvel Movie Fan Gear,173
77,Movie Masterpiece The Avengers Infinity War 1/6 scale figure Black... from Japan https://t.co/LahTRiz1OH #marvel #movies #avengers,1,1,2019-08-26 08:16:33,Marvel Movie Fan Gear,173
78,LEGO MARVEL'S THE AVENGERS * XBOX ONE DIGITAL GAME DOWNLOAD * SAME DAY DELIVERY https://t.co/eqqKATcN6R #marvelâ€¦ https://t.co/704dSlhWKU,1,1,2019-08-26 08:16:33,Marvel Movie Fan Gear,173
79,RT @StriderPhantom: We are already 48 hours from GHOSTLY AVENGERS: ENDGAME being publish on Fanfiction and Wattpad. #DannyPhantom #DaniPhanâ€¦,0,2,2019-08-26 08:16:30,Danny Phantom Day,643
80,"RT @MintMovie: à¸ à¸²à¸à¸™à¸´à¹ˆà¸‡/à¹€à¸šà¸·à¹‰à¸­à¸‡à¸«à¸¥à¸±à¸‡ à¸ˆà¸²à¸ #Avengers à¸—à¸±à¹‰à¸‡ Infinity War à¹à¸¥à¸° Endgame à¸–à¹ˆà¸²à¸¢à¸ à¸²à¸à¹‚à¸”à¸¢ Chuck Zlotnick 

: https://t.co/oh4G6ZPDXc https:/â€¦",0,33,2019-08-26 08:15:24,à¹€à¸—à¸›à¸›à¸¸à¸­à¸¸à¸­à¸´à¸Šà¸´à¹‚à¸™à¸”à¸¸à¸”à¸´,676
81,"RT @iisha_256: å®ˆã£ã¦ãã‚Œã¦ã€ç«‹ã¡å‘ã‹ã£ã¦ãã‚Œã¦ã‚ã‚ŠãŒã¨ã†ï¼
#Avengers 
#AvengersEndgame https://t.co/QkB6a8vom0",0,967,2019-08-26 08:14:30,d,48
82,"RT @iisha_256: å®ˆã£ã¦ãã‚Œã¦ã€ç«‹ã¡å‘ã‹ã£ã¦ãã‚Œã¦ã‚ã‚ŠãŒã¨ã†ï¼
#Avengers 
#AvengersEndgame https://t.co/QkB6a8vom0",0,967,2019-08-26 08:14:04,Sam,279
83,"RT @MintMovie: à¸ à¸²à¸à¸™à¸´à¹ˆà¸‡/à¹€à¸šà¸·à¹‰à¸­à¸‡à¸«à¸¥à¸±à¸‡ à¸ˆà¸²à¸ #Avengers à¸—à¸±à¹‰à¸‡ Infinity War à¹à¸¥à¸° Endgame à¸–à¹ˆà¸²à¸¢à¸ à¸²à¸à¹‚à¸”à¸¢ Chuck Zlotnick 

: https://t.co/oh4G6ZPDXc https:/â€¦",0,33,2019-08-26 08:13:58,ï¼ƒSWIFTZYğŸ³ï¸â€ğŸŒˆ,107
84,RT @DansTonCinema: ğŸ ! #Concours RT + FOLLOW pour gagner 2 exemplaires 4K + Bluray de #Avengers #EndGame [Fin le 01/09] ! ğŸ https://t.co/Dxâ€¦,0,534,2019-08-26 08:13:52,julien teulÃ©,62
85,RT @DansTonCinema: ğŸ ! #Concours RT + FOLLOW pour gagner 2 exemplaires 4K + Bluray de #Avengers #EndGame [Fin le 01/09] ! ğŸ https://t.co/Dxâ€¦,0,534,2019-08-26 08:13:13,CarineB,409
86,"RT @MintMovie: à¸ à¸²à¸à¸™à¸´à¹ˆà¸‡/à¹€à¸šà¸·à¹‰à¸­à¸‡à¸«à¸¥à¸±à¸‡ à¸ˆà¸²à¸ #Avengers à¸—à¸±à¹‰à¸‡ Infinity War à¹à¸¥à¸° Endgame à¸–à¹ˆà¸²à¸¢à¸ à¸²à¸à¹‚à¸”à¸¢ Chuck Zlotnick 

: https://t.co/oh4G6ZPDXc https:/â€¦",0,33,2019-08-26 08:13:06,à¹à¸®à¸£à¹Œà¸£à¸µà¹ˆà¹‚à¸ªà¹ˆà¸‡à¹€à¸ªà¸µà¸¢à¸‡à¹‚à¸«à¸™à¹ˆà¸¢,729
87,"RT @DeadarticGames: Fortnite X Avengers: Endgame Trailer
https://t.co/xJZEEqceqn #Fortnite #Avengers #AvengersEndgame #Endgame #Epicgames #â€¦",0,2,2019-08-26 08:12:47,Rudi A.R.,3478
88,RT @DansTonCinema: ğŸ ! #Concours RT + FOLLOW pour gagner 2 exemplaires 4K + Bluray de #Avengers #EndGame [Fin le 01/09] ! ğŸ https://t.co/Dxâ€¦,0,534,2019-08-26 08:12:32,J,66
89,"RT @MintMovie: à¸ à¸²à¸à¸™à¸´à¹ˆà¸‡/à¹€à¸šà¸·à¹‰à¸­à¸‡à¸«à¸¥à¸±à¸‡ à¸ˆà¸²à¸ #Avengers à¸—à¸±à¹‰à¸‡ Infinity War à¹à¸¥à¸° Endgame à¸–à¹ˆà¸²à¸¢à¸ à¸²à¸à¹‚à¸”à¸¢ Chuck Zlotnick 

: https://t.co/oh4G6ZPDXc https:/â€¦",0,33,2019-08-26 08:12:26,à¸•à¸¸à¹ˆà¸¡à¹‚à¸¡à¹Šà¸°ğŸ’›,96
90,"Trust me.. this may not be literal..

But this gave me GOOSEBUMPS with different level of nostalgia. â™¥ï¸

#MARVELSTUD10S #Avengers #ENDGAME âŒ›",0,0,2019-08-26 08:12:23,Aroop R Sahoo,249
91,"ĞŸĞ ĞĞšĞ›Ğ¯Ğ¢Ğ 

#marvel #avengers #goodomens https://t.co/Ky5rNdYMyg",7,0,2019-08-26 08:11:59,ğšŒğš‘ğšğšğš”ğš‹ğš˜ğš—ğšğšœ ğš˜ğš ğš¢ğš˜ğšğš—ğš ğšğš’ğš›ğšğš‘,4243
92,"Trust me.. this may not be literal..

But this gave me GOOSEBUMPS with different level of nostalgia. â™¥ï¸â€¦ https://t.co/uI4cIuLL6h",0,0,2019-08-26 08:11:47,Aroop R Sahoo,249
93,"RT @sexyboysboys1: Ğ Ğ¾Ğ±ĞµÑ€Ñ‚ Ğ”Ğ°ÑƒĞ½Ğ¸ Ğ¼Ğ»Ğ°Ğ´ÑˆĞ¸Ğ¹, ĞºĞ°Ğº Ğ¾Ñ‚Ğ´ĞµĞ»ÑŒĞ½Ñ‹Ğ¹ Ğ²Ğ¸Ğ´ Ğ¸ÑĞºÑƒÑÑÑ‚Ğ²Ğ° ğŸ–¤
#Ğ Ğ¾Ğ±ĞµÑ€Ñ‚Ğ”Ğ°ÑƒĞ½Ğ¸ĞœĞ» #RobertDowneyJr #MARVEL #Avengers #IronMan https://t.â€¦",0,1,2019-08-26 08:11:44,Nightmare Lover,142
94,RT @DansTonCinema: ğŸ ! #Concours RT + FOLLOW pour gagner 2 exemplaires 4K + Bluray de #Avengers #EndGame [Fin le 01/09] ! ğŸ https://t.co/Dxâ€¦,0,534,2019-08-26 08:11:14,kinjericho ğŸ‡«ğŸ‡·,289
95,"RT @MintMovie: à¸ à¸²à¸à¸™à¸´à¹ˆà¸‡/à¹€à¸šà¸·à¹‰à¸­à¸‡à¸«à¸¥à¸±à¸‡ à¸ˆà¸²à¸ #Avengers à¸—à¸±à¹‰à¸‡ Infinity War à¹à¸¥à¸° Endgame à¸–à¹ˆà¸²à¸¢à¸ à¸²à¸à¹‚à¸”à¸¢ Chuck Zlotnick 

: https://t.co/oh4G6ZPDXc https:/â€¦",0,33,2019-08-26 08:10:51,fairygodmother,105
96,"RT @King_Kubti: This is the battle we deserved ğŸ”¥ 
#marvelcomics #Marvel #Avengers https://t.co/1dsDsunYuH",0,2,2019-08-26 08:10:42,Area 51 Memes / Memes,224
97,"RT @ComicBook: Are #XMen villains the Brood the major threat at #Disneyland's new #Avengers ride?
https://t.co/yLhphwkS4X https://t.co/XJDmâ€¦",0,5,2019-08-26 08:10:36,JayOhEee,1850
98,"RT @Vaccinologist: ğŸ‘¶ğŸ§’ğŸ»ğŸ‘¦ğŸ¼ğŸ‘§ğŸ½ğŸ§‘ğŸ¾ğŸ‘¨ğŸ¿ğŸ§”ğŸ‘©ğŸ»â€ğŸ¦°ğŸŒ
And the people that they protect can sleep sound at night,
Knowing if diseases come &amp; there is a greatâ€¦",0,16,2019-08-26 08:10:33,Alison McCallum,509
99,RT @Renner4Real: Behind the scenes with this hottie!!  #avengers #colbiesmulders #aou http://t.co/6hEXETCKSv,0,1166,2019-08-26 08:10:16,maÃ«lle.,839
100,Am 14. September ist es soweit: #Rhinecleanup - und wir sind dabei! Gemeinsam mit vielen anderen Freiwilligen sammeâ€¦ https://t.co/u5EexmXhst,0,0,2019-08-26 08:39:06,Sparkasse Mainz,641
101,"Ambalajlar bir harika 
Packagings are wonderful!

https://t.co/B0TyvXKCbh

#plastik #plastikhaberleriâ€¦ https://t.co/uej9m1eT2H",0,0,2019-08-26 08:22:22,turkish plastics magazine,68
102,@REWE_Supermarkt @rewe_group bekennt bitte offen: Welche bÃ¶sartige Droge habt ihr fÃ¼r diese Kampagne konsumiert? Daâ€¦ https://t.co/99CUCUhuD5,0,0,2019-08-26 08:17:08,Petra van Cronenburg,2865
103,"AklÄ±nÄ±z bavulunuzda kalmasÄ±n, biz o iÅŸi dÃ¼ÅŸÃ¼ndÃ¼k! 
Ã‡antalarÄ±nÄ±zÄ±n ve paketlerinizin Ã§izilme, kirlenme ve kÄ±rÄ±lma giâ€¦ https://t.co/jTJv1TWfp0",0,0,2019-08-26 08:12:21,Beha Plastic,75
104,"Kraft Ã§anta Ã§eÅŸitleri uygun fiyatlarda, toptan ve perakende satÄ±ÅŸlarla ADAPAK Ambalaj'da... Ä°LETÄ°ÅÄ°M: 0548 827 2066â€¦ https://t.co/iUjGXseCUC",0,0,2019-08-26 07:59:36,Adapak Ambalaj KKTC,12
105,RT @vpw_online: Neues Ral GÃ¼tezeichen â€%-Recycling Kunststoffâ€œ gibt den %-Anteil recycelter Kunststoffmaterialien aus dem Gelben Sack oderâ€¦,0,1,2019-08-26 07:57:17,Werner & Mertz Professional / tana Professional,365
106,"RT @gfa_kampagne: Was tut Ihr so, um unnÃ¶tigen #PlastikmÃ¼ll â€“ und insbesondere den Gebrauch von #PlastiktÃ¼ten â€“ zu vermeiden? ğŸ›ğŸ‘€

#plastikâ€¦",0,2,2019-08-26 07:53:20,Jens Mander,482
107,"RT @News_Kunststoff: Die PlastiktÃ¼te hat die bessere Klimabilanz v @Tagesspiegel https://t.co/9ITU01YmJJ

#Ã¶kobilanz #plastik #Plastikfreiâ€¦",0,1,2019-08-26 07:47:32,UweBoes,38
108,"Was tut Ihr so, um unnÃ¶tigen #PlastikmÃ¼ll â€“ und insbesondere den Gebrauch von #PlastiktÃ¼ten â€“ zu vermeiden? ğŸ›ğŸ‘€â€¦ https://t.co/0VtjJvnhX3",1,2,2019-08-26 07:36:00,GEMEINSAM FÃœR AFRIKA,485
109,Atakule Projemizden Tokoz YÃ¼kseltilmiÅŸ DÃ¶ÅŸeme AyaklarÄ± Ä°le Bir Kesit #plastikÃ¼reticileri #plastikâ€¦ https://t.co/vCoHEKDkED,0,0,2019-08-26 07:29:33,TOKOZ INTERNATIONAL,854
110,RT @lidl: Mit dem Mehrwegnetz einfach #Plastik einsparen: Ab dem 26. August fÃ¼hrt #Lidl mit â€Dein Vitaminnetzâ€œ eine nachhaltige Alternativeâ€¦,0,5,2019-08-26 07:26:27,PlastikNet,387
111,#Bamboo (nature) versus #plastic (chemical). #Nature wins until #police take their #guns. Thank you for the vid froâ€¦ https://t.co/JBQBWWSAhk,0,0,2019-08-26 07:18:10,Karsten Neumann,45
112,"Die PlastiktÃ¼te hat die bessere Klimabilanz v @Tagesspiegel https://t.co/9ITU01YmJJ

#Ã¶kobilanz #plastikâ€¦ https://t.co/V6RRYX0n7K",0,1,2019-08-26 06:43:00,Newsroom.Kunststoffverpackungen,394
113,@gehtohne @EndPlasticWaste Schade das Sie an einen vernÃ¼nftigen &amp; respektvollen Austausch anscheinend nicht interesâ€¦ https://t.co/GxjlNsKNVO,0,0,2019-08-26 06:25:24,Randy Rheindorf,585
114,Shop nur mit 3D-gedrucktem Interiordesign aus #Plastik #Abfall - so wird #Ethik luxuriÃ¶s und zum Designtrend |â€¦ https://t.co/dfL2YE9CYu,1,0,2019-08-26 06:16:01,Saskia DÃ¶rr,976
115,#UmweltschÃ¼tzer kritisieren Amazons Kehrtwende: #Plastik statt Pappe - #Amazon setzt auf leichte PÃ¤ckchen - managerâ€¦ https://t.co/mECXHeU052,0,0,2019-08-26 06:12:20,ibotrampe,1491
116,RT @BR_Franken: ğŸ ğŸ˜ï¸Tolles Projekt: Ein #Bamberg|er will zusammen mit seinen Kollegen in #Sumatra ein #Dorf aus #Plastik bauen - aus Plastikâ€¦,0,9,2019-08-26 05:20:57,Katja Pennyworth,93
117,"RT @Clauduella_ella: Hi Twitter, ich war vorhin im #dm und war total angewidert. Alles #Plastik, Plastik, Plastik, und nur zum #WegschmeiÃŸeâ€¦",0,2,2019-08-26 05:06:33,Tomas Schweigert,151
118,"der tÃ¤gliche FlÃ¤chenverbrauch 66 ha ca. 66 #FuÃŸballfelder, #Plastik im #Hochbau heutige #WÃ¤rmedÃ¤mmung kontra #Klimaâ€¦ https://t.co/FpmMtBdpPd",0,0,2019-08-26 02:50:57,Empedokles,4
119,"#Nachhaltigkeit
Vermeidung von #Plastik - Ein Getraenkemarkt in #Stuttgart entschied sich, zum 01.08.19 neben der Vâ€¦ https://t.co/pejUjRlq8w",0,0,2019-08-26 01:41:12,SG Respekt ğŸ¦’ğŸ¥•ğŸš“ğŸš’ğŸš‘,1240
120,"RT @muhamadanas999: Ecobricks ke 51410 di dunia yang dibuat dan terdaftar di Global Ecobrick Alliance, mengurangi sedikitnya 242gr polusi lâ€¦",0,2,2019-08-26 01:13:54,Yuti Ray,907
121,"Jasa Cetak #Clipbag, #Goodybag, #Totebag, #Plastik Promosi dll https://t.co/J5TAwejhLw #jakarta RETWEET ya ya :) IklanTerUpdate",0,0,2019-08-26 01:00:38,TRACELINE APPAREL,7634
122,#Kolumbien @PlaceresCarulla ist der mit Abstand teuerste #Supermarkt. Gourmet-Anspruch mit vielen auslÃ¤ndischen Proâ€¦ https://t.co/Kt0aexWShs,1,0,2019-08-25 19:34:21,Katharina Wojczenko,400
123,#plastik #dkpol hvorfor var det ikke bare blev en 2030 plan om alle former for plastik poser udfases og forbydes .,0,0,2019-08-25 18:32:22,Peter Smedegaard,2
124,"GeleceÄŸin Kimya EndÃ¼strisine CHEMLIFE Ä°le HazÄ±rlanÄ±n...
Abonelik ve Reklam talepleriniz iÃ§in 
erdemmutlu@prosigma.nâ€¦ https://t.co/msnKmlz2zz",1,0,2019-08-25 16:33:00,kimyahaberleri,7391
125,"Wenn man von den RB Kunden die Melodie von ""Asoziale Schalker"" hÃ¶rt krieg ich jedes mal das Kotzen! #S04 #RBLSGE #Plastik",1,0,2019-08-25 15:09:32,Mumi1904,6
126,"Cam kalitesinde plastik bardak ve ÅŸiÅŸe Ã§eÅŸitleri uygun fiyatlarda, toptan ve perakende satÄ±ÅŸlarla ADAPAK Ambalaj'daâ€¦ https://t.co/0VoJ72frFD",0,0,2019-08-25 15:00:49,Adapak Ambalaj KKTC,12
127,"Wenn das so stimmt, was spricht dann gegen die Abschaffung von #PlastiktÃ¼ten fÃ¼r den Einzelhandel?
#Statistaâ€¦ https://t.co/cQnr71aGU6",0,0,2019-08-25 14:50:44,Thorsten Lieder,82
128,"RT @Be_funnytastic: ğŸš¨Bitte Teilen mÃ¶chte noch sehr lange hier auf dieser Erde leben Vielen Dank ğŸš¨
PlastikmÃ¼ll ğŸ˜• So versinkt die Welt im Plaâ€¦",0,5,2019-08-25 13:39:44,MasterWhy,156
129,Ersatz fÃ¼r #Plastik dank neuartigem #Bioplastik und #Nano-Katalysator? Forscher aus Griechenland haben ein neues Veâ€¦ https://t.co/HSoweGBt5P,1,0,2019-08-25 13:37:55,FÃ¼hrungskrÃ¤fteChemie,2774
130,"Je mehr ich versuche, Plastik in KÃ¼che und Bad zu reduzieren, umso stÃ¤rker fÃ¤llt mir auf, dass meine Jungs im Kindeâ€¦ https://t.co/60XRYokt52",25,0,2019-08-25 13:19:59,Baumfrau,178
131,"RT @R_Rheindorf: â€Allgemein um sich greifenden Plastikbashingâ€œ bezeichnet es ganz genau. #Plastik als Werkstoff ist nicht das Problem, sondâ€¦",0,2,2019-08-25 13:15:36,Manuel Christ,26
132,"RT @News_Kunststoff: Die PlastiktÃ¼te hat die bessere Klimabilanz v @Tagesspiegel https://t.co/9ITU01YmJJ

#Ã¶kobilanz #plastik #Plastikfreiâ€¦",0,2,2019-08-25 12:44:29,Hanno Bruemmer,303
133,"RT @Mika67020152: Zum #Beispiel #Feuerzeuge...warum gibt es immer noch so viele, nicht nachfÃ¼llbare, #Plastik|bomben? #Nachhaltigkeit #Klimâ€¦",0,17,2019-08-25 12:38:25,Helmut Baltrusch,9030
134,"RT @startnext: Ein unglaublicher Werkstoff: Birkenrinde! Eine ehemalige Starterin beweist, dass man damit #Plastik ablÃ¶sen kÃ¶nnte. https://â€¦",0,1,2019-08-25 12:35:22,Sabine Neumann,396
135,"Ein unglaublicher Werkstoff: Birkenrinde! Eine ehemalige Starterin beweist, dass man damit #Plastik ablÃ¶sen kÃ¶nnte. https://t.co/l2LgBMtDVT",5,1,2019-08-25 12:29:00,Startnext,11128
136,"Ecobricks ke 51410 di dunia yang dibuat dan terdaftar di Global Ecobrick Alliance, mengurangi sedikitnya 242gr poluâ€¦ https://t.co/gYUtfXTrPy",7,2,2019-08-25 12:21:52,Muhamad Anas,465
137,"Wenn Plaste bei der COÂ²-Bilanz besser abschneidet als andere Alternativen, warum behalten wir unseren PlastemÃ¼ll niâ€¦ https://t.co/aHghALRq7Y",2,0,2019-08-25 11:33:52,SportSchÃ¼tze,94
138,"RT @VQuaschning: Irre: #Plastik wahrscheinlich auch schon in der Atemluft. Was das fÃ¼r den Organismus bedeutet, weiÃŸ keiner. Der Gesetzgebeâ€¦",0,399,2019-08-25 10:41:51,zylvia auerbach,1604
139,"RT @R_Rheindorf: â€Allgemein um sich greifenden Plastikbashingâ€œ bezeichnet es ganz genau. #Plastik als Werkstoff ist nicht das Problem, sondâ€¦",0,2,2019-08-25 10:40:04,Ansgar Schonlau,36
140,"%100 Geri dÃ¶nÃ¼ÅŸtÃ¼rÃ¼lebilir ayakkabÄ± Ã¼retildi!
100% Recyclable running trainer created!

https://t.co/B0TyvXKCbhâ€¦ https://t.co/BdrjezfEZA",2,0,2019-08-25 10:39:47,turkish plastics magazine,68
141,"RT @LaTravelle: PlastikmÃ¼ll in Malaysia

""114 container JEDEN TAG!""

https://t.co/dzhVyU1wWB
#Plastik #MÃ¼ll #Umwelt",0,3,2019-08-25 10:35:10,Yvonne â˜®ï¸,260
142,â€Allgemein um sich greifenden Plastikbashingâ€œ bezeichnet es ganz genau. #Plastik als Werkstoff ist nicht das Probleâ€¦ https://t.co/WIEQHjLXej,1,2,2019-08-25 10:11:50,Randy Rheindorf,585
143,Er fan af @regeringDK's udspil om Ã¸gede afgifter pÃ¥ #plastikposer og engangsservice + forbud mod gratis #bÃ¦reposerâ€¦ https://t.co/Jd0cM4yoDc,0,0,2019-08-25 10:10:07,Julian Christensen,694
144,"Credit to from ge.bat (get_regrann)  -  . 25/08/19

Pengenalan pengelolaan #plastik menjadi #ecobrick pada kegiatanâ€¦ https://t.co/bsfyave8rf",0,0,2019-08-25 09:26:10,prasetiyo widhi,996
145,"@MFVMin @LeaWermelin @regeringDK @Miljostyrelsen YES #waronplastic ğŸ‘ğŸ¼

Men det der fylder mest i min husholdning, eâ€¦ https://t.co/evPVH0V4Or",0,0,2019-08-25 09:21:09,Steen Bech-MÃ¸llerğŸ‡©ğŸ‡°,1222
146,Mehr als die HÃ¤lfte der Erde ist mit #Plastik bedeckt ğŸ˜•ğŸ˜°? https://t.co/HxLFnf53G5,2,0,2019-08-25 08:29:40,Karsten [Podkarsten @pixelpommes.de],84
147,"ğŸ“Œ Ã‡atÄ±nÄ±za kurulacak solar enerji sistemiyle ÅŸebekenin aylÄ±k mahsuplaÅŸmasÄ± fÄ±rsatlar sunuyor.
â¡ï¸AyrÄ±ntÄ±lÄ± bilgi veâ€¦ https://t.co/GSqE7r4a8s",8,0,2019-08-25 07:38:57,Solart Enerji,299
148,"Sedang berada di kapal penyebrangan Sabang Banda Aceh, miris melihat sampah plastik dan botol minuman bekas terlempâ€¦ https://t.co/LqkGzh2COu",0,0,2019-08-25 07:03:44,Gowes Nusantara,3
149,"Jasa Cetak #Clipbag, #Goodybag, #Totebag, #Plastik Promosi dll https://t.co/J5TAwejhLw #jakarta #promosi #indonesia #sablon #konveksi #jasa",0,0,2019-08-25 04:00:38,TRACELINE APPAREL,7634
150,"Jasa Cetak #Clipbag, #Goodybag, #Totebag, #Plastik Promosi dll https://t.co/J5TAwejhLw #jakarta RETWEET ya ya :) postingiklan",0,0,2019-08-25 01:00:40,TRACELINE APPAREL,7634
151,"RT @Clauduella_ella: Hi Twitter, ich war vorhin im #dm und war total angewidert. Alles #Plastik, Plastik, Plastik, und nur zum #WegschmeiÃŸeâ€¦",0,2,2019-08-25 00:30:35,Marcus Reimann,105
152,"Kita semua pasti punya motto ""ingin mengubah dunia menjadi lebih baik"" but why hasn't this world changed for the beâ€¦ https://t.co/Z6l3S5znPQ",1,0,2019-08-25 00:14:23,Alisya Nurmei,2
153,"RT @Brigittemko: #Umwelt #MÃ¼ll #Plastik #Meer
Eine Aktion, bei der jeder mitmachen kann. In vielen Orten entlang des Rheines werden MÃ¼llsamâ€¦",0,4,2019-08-24 21:52:02,Liane,1874
154,RT @copunesahipcik: AtÄ±kcanlÄ± Suco mataralar satÄ±ÅŸta! Bizi destekleyen ve tek kullanÄ±mlÄ±k Ã¼rÃ¼nlerin azalmasÄ±na katkÄ± saÄŸlayan @SuCoholic 'eâ€¦,0,2,2019-08-24 21:18:06,TampeL,181
155,"RT @MSteilemann: Ein ausgewogener Artikel, der die #Nachhaltigkeit von #Plastik jenseits von Symbolpolitik und Ideologie in der Praxis bescâ€¦",0,2,2019-08-24 20:56:16,Gunter Falk,178
156,RT @Umwelthilfe: Hunderte #Einweg-#Plastik|verpackungen haben wir fÃ¼r unsere #Aktion gegen den #Verpackungswahnsinn sammeln kÃ¶nnen. Bis zumâ€¦,0,3,2019-08-24 20:47:15,AG Umwelt und Klimaschutz,60
157,"Hi Twitter, ich war vorhin im #dm und war total angewidert. Alles #Plastik, Plastik, Plastik, und nur zumâ€¦ https://t.co/fkIhu7G7WE",6,2,2019-08-24 20:37:42,Clauduella,169
158,"RT @MSteilemann: Ein ausgewogener Artikel, der die #Nachhaltigkeit von #Plastik jenseits von Symbolpolitik und Ideologie in der Praxis bescâ€¦",0,2,2019-08-24 18:30:30,Martin Engelmann,232
159,"Jeder redet aktuell Ã¼ber #Plastik und heute im #Rewe festgestellt, das die Verpackung von Karton auf Plastik umgestâ€¦ https://t.co/tsZjIeczd4",0,0,2019-08-24 17:55:50,Peter,2
160,"RT @Liane13: #Gletscher in #Island und der #Schweiz sind tot. #Arktis und #Amazonas brennen. #Meere voller #Plastik, Atemluft voller Dreck.â€¦",0,341,2019-08-24 17:28:20,(((david j k))),5726
161,Gerade wollte mir der freundliche Herr der @DB_Bahn ein WeiÃŸbier in einen Plastikbecher einschenken. Stillos und inâ€¦ https://t.co/1GkmHkGSfV,7,0,2019-08-24 17:23:42,Norbert SchÃ¤ffer,447
162,Viel #Plastik :( aber ohne #PalmÃ¶l :) https://t.co/TQ8yR7pmzs,0,0,2019-08-24 17:19:24,WHYM,0
163,@theonlyxchyrha #plastik,0,0,2019-08-24 16:37:55,Third,220
164,"Und sie mahnen Politiker zum Handeln. 
Und klar, es gibt Verbraucher und Politiker, die etwas Ã¤ndern wollen. Aber eâ€¦ https://t.co/8lWnPkwIhl",0,0,2019-08-24 15:08:28,Ubru,590
165,@_biancsmd mwa mwa ğŸ˜˜ #plastik,1,0,2019-08-24 14:50:33,melodie not melody,240
166,"RT @Be_funnytastic: ğŸš¨Bitte Teilen mÃ¶chte noch sehr lange hier auf dieser Erde leben Vielen Dank ğŸš¨
PlastikmÃ¼ll ğŸ˜• So versinkt die Welt im Plaâ€¦",0,5,2019-08-24 14:25:44,"zwitschert, seid nicht still !",267
167,"Sepakbola menjadi barang yg mahal
Sablon di aini aje
rayakreasi
085729757310
Alamat kalisat sikumpul rt03/01 kalibeâ€¦ https://t.co/4HuezK7ktD",0,0,2019-08-24 14:10:06,Belum Ada Judul,98
168,Ende mit Essen in #Plastik - Wir haben fÃ¼rs Take-Away auf die GenussÂ² Food-Box umgestellt. Kuchen oder nicht aufgegâ€¦ https://t.co/GeRl644lKI,1,0,2019-08-24 14:07:38,Restaurant Die Waid,15601
169,"Ein ausgewogener Artikel, der die #Nachhaltigkeit von #Plastik jenseits von Symbolpolitik und Ideologie in der Praxâ€¦ https://t.co/x3eCh3Dtvg",14,2,2019-08-24 13:53:29,Markus Steilemann,1599
170,"Die gemeinnÃ¼tzige Initiative Recycled Park #Rotterdam legt Beete an, die #Plastik aus der #Maas filtern. Das wird dâ€¦ https://t.co/OIKPzxpwc5",1,0,2019-08-24 13:33:57,Franz ğŸ‡ªğŸ‡ºğŸ¸âœŒ,206
171,RT @badesab_p: #Plastik https://t.co/T89lyVd5SV,0,1,2019-08-24 12:57:03,Harshith M,395
172,"RT @Brigittemko: #Umwelt #MÃ¼ll #Plastik #Meer
Eine Aktion, bei der jeder mitmachen kann. In vielen Orten entlang des Rheines werden MÃ¼llsamâ€¦",0,4,2019-08-24 12:05:46,C.NiersmannğŸ‡ªğŸ‡ºğŸ‡©ğŸ‡ªâ­•ï¸,681
173,"FÄ±rÄ±n  piÅŸirme kaÄŸÄ±dÄ± Ã§eÅŸitleri uygun fiyatlarda, toptan ve perakende satÄ±ÅŸlarla ADAPAK Ambalaj'da... Ä°LETÄ°ÅÄ°M: 054â€¦ https://t.co/MQocv59dXD",0,0,2019-08-24 12:01:45,Adapak Ambalaj KKTC,12
174,RT @copunesahipcik: AtÄ±kcanlÄ± Suco mataralar satÄ±ÅŸta! Bizi destekleyen ve tek kullanÄ±mlÄ±k Ã¼rÃ¼nlerin azalmasÄ±na katkÄ± saÄŸlayan @SuCoholic 'eâ€¦,0,2,2019-08-24 11:56:41,Utkucan Ã‡ebiÅŸ,332
175,"Paradox statt #plasticfree :
grÃ¼ner Tee in #Plastik -UmhÃ¼llung.
@TimmermansEU -Kampagne hat einige Hoteliers noch nâ€¦ https://t.co/JIjb40ubTq",0,0,2019-08-24 11:45:55,Ralph Sina,1330
176,Beliebte #Baby-Seekuh starb in Thailand mit #Plastik im Bauch - Weltchronik - https://t.co/9ueW8dooEz â€º Panorama - https://t.co/kdsNEssbkb,0,0,2019-08-24 11:34:23,R0ux,204
177,"@MBrasich @HalleVerkehrt @NaumLea @ronald_fein @Liane13 Es gab keine VorwÃ¼rfe, hab auf leere WorthÃ¼lsen mitâ€¦ https://t.co/sM8I4fEBQP",0,0,2019-08-24 11:31:24,Human perspectiveğŸ”»ğŸ³ï¸â€ğŸŒˆ â“‹ â˜®ï¸ ğŸï¸,239
178,"Melatih mata setengah tua.. Rakit robot robotan.
On Frame, GH-001 Grimoire HG 1/144 straight built #gunplaâ€¦ https://t.co/AWhUScPfaa",0,0,2019-08-24 11:28:41,Pakdhe Yo,305
179,AtÄ±kcanlÄ± Suco mataralar satÄ±ÅŸta! Bizi destekleyen ve tek kullanÄ±mlÄ±k Ã¼rÃ¼nlerin azalmasÄ±na katkÄ± saÄŸlayanâ€¦ https://t.co/S4fm9zCWOU,7,2,2019-08-24 11:20:05,Ã‡Ã¶pÃ¼neSahipÃ‡Ä±k VakfÄ±,1845
180,"AuÃŸerdem trinken die Kommissare ihren Kaffee auffallend oft aus #Wegwerfbechern  sogar, wenn sie in ihrem BÃ¼ro sindâ€¦ https://t.co/dOYjKMkcgl",0,0,2019-08-24 11:16:49,Jotka Kaiser,132
181,RT @Umwelthilfe: Hunderte #Einweg-#Plastik|verpackungen haben wir fÃ¼r unsere #Aktion gegen den #Verpackungswahnsinn sammeln kÃ¶nnen. Bis zumâ€¦,0,3,2019-08-24 11:10:54,Fachschaftsvertretung Mathematik/Informatik Mainz,84
182,"RT @SinarOnline: Plastik sekali guna diharamkan di rantau Everest 

Larangan terbaharu di bandar pedalaman Khumbu Pasang Lhamu dan beberapaâ€¦",0,9,2019-08-24 10:57:21,Totallaser@yahoo.com,64
183,"RT @Be_funnytastic: ğŸš¨Bitte Teilen mÃ¶chte noch sehr lange hier auf dieser Erde leben Vielen Dank ğŸš¨
PlastikmÃ¼ll ğŸ˜• Soâ€¦ https://t.co/wWOwgq8zBa",1,0,2019-08-24 10:54:40,ğŸ¥‡SEO BOSSğŸ“£ğŸš€ğŸ†—ğŸ“¶,5651
184,"Ä°nternet sitemizi ziyaret etmek iÃ§in ; https://t.co/VbxCcIq6L0
.
.
.
#sadikplastikas #plastik #plastic #hammaddeâ€¦ https://t.co/Tvw09W3xl0",0,0,2019-08-24 10:51:44,SadÄ±k Plastik,3
185,"RT @Liane13: #Gletscher in #Island und der #Schweiz sind tot. #Arktis und #Amazonas brennen. #Meere voller #Plastik, Atemluft voller Dreck.â€¦",0,341,2019-08-24 10:41:09,Anne Lisa,1
186,"#Umwelt #MÃ¼ll #Plastik #Meer
Eine Aktion, bei der jeder mitmachen kann. In vielen Orten entlang des Rheines werdenâ€¦ https://t.co/TFb7yq4uJH",5,4,2019-08-24 10:38:08,Brigittemk,324
187,"ğŸš¨Bitte Teilen mÃ¶chte noch sehr lange hier auf dieser Erde leben Vielen Dank ğŸš¨
PlastikmÃ¼ll ğŸ˜• So versinkt die Welt imâ€¦ https://t.co/gFiETtnv4f",7,5,2019-08-24 10:35:18,Be_funnytastic,565
188,"PlastiÄŸin kutsal kasesi bulundu.

The 'Holy Grail' of plastic was found

https://t.co/B0TyvXKCbh

#plastikâ€¦ https://t.co/q2V3oeyLWQ",2,1,2019-08-24 10:26:51,turkish plastics magazine,68
189,@HalleVerkehrt @NaumLea @MBrasich @ronald_fein @Liane13 Es ist zu schwer auf #Einweg-#Plastikflaschen zu verzichtenâ€¦ https://t.co/IZrw9lef0E,0,0,2019-08-24 10:24:20,Human perspectiveğŸ”»ğŸ³ï¸â€ğŸŒˆ â“‹ â˜®ï¸ ğŸï¸,239
190,"Hayvan severler Ã¶zel bir insan tÃ¼rÃ¼dÃ¼r; ruhu cÃ¶mert, empati dolu, belki biraz duygusallÄ±ÄŸa meyilli ve en az bulutsuâ€¦ https://t.co/7HUxjxtAvy",2,0,2019-08-24 10:19:01,SÄ±cak Bir Yuva,1189
191,"RT @SinarOnline: Plastik sekali guna diharamkan di rantau Everest 

Larangan terbaharu di bandar pedalaman Khumbu Pasang Lhamu dan beberapaâ€¦",0,9,2019-08-24 10:12:35,khalilah ishak,420
192,"RT @plastik_umwelt: Die Bewerbungsfrist fÃ¼r die #PhD-#WinterSchool des @BMBF_Bund-Forschungsschwerpunkts ""#Plastik in der Umwelt"" ist bis ğŸ”œâ€¦",0,2,2019-08-24 09:56:06,Rheines Wasser,450
193,"@sndnqpyo once they stop talking about you, they start talking about YOU!! #PLASTIK #PUTANGINA #FAKEFRIENDS #YUCK",0,0,2019-08-24 09:39:05,sia,3
194,RT @KfW: Von der Wegwerfgesellschaft zur #Kreislaufwirtschaft. Wie eine biologisch abbaubare Holzfolie Verpackungen aus #Plastik ersetzt -â€¦,0,128,2019-08-24 09:29:11,Juliaâ˜†,229
195,"Hvordan kan #VestforbrÃ¦ndingen postulere, at 75% af alt indsamlet #plastik genbruges, nÃ¥ der faktuelt viser sig atâ€¦ https://t.co/c4Lmcrb5sc",1,0,2019-08-24 09:25:21,Hans JÃ¸rgen KÃ¸lle,5
196,"RT @SinarOnline: Plastik sekali guna diharamkan di rantau Everest 

Larangan terbaharu di bandar pedalaman Khumbu Pasang Lhamu dan beberapaâ€¦",0,9,2019-08-24 09:00:41,Kacak Pacak,6014
197,"RT @SinarOnline: Plastik sekali guna diharamkan di rantau Everest 

Larangan terbaharu di bandar pedalaman Khumbu Pasang Lhamu dan beberapaâ€¦",0,9,2019-08-24 08:19:29,IRWAN,43920
198,"RT @SinarOnline: Plastik sekali guna diharamkan di rantau Everest 

Larangan terbaharu di bandar pedalaman Khumbu Pasang Lhamu dan beberapaâ€¦",0,9,2019-08-24 08:11:55,Amazing ğŸŒˆ,76
199,"RT @SinarOnline: Plastik sekali guna diharamkan di rantau Everest 

Larangan terbaharu di bandar pedalaman Khumbu Pasang Lhamu dan beberapaâ€¦",0,9,2019-08-24 08:08:27,Å¹,808
200,"RT @SinarOnline: Plastik sekali guna diharamkan di rantau Everest 

Larangan terbaharu di bandar pedalaman Khumbu Pasang Lhamu dan beberapaâ€¦",0,9,2019-08-24 08:05:12,tt,652
201,"Plastik sekali guna diharamkan di rantau Everest 

Larangan terbaharu di bandar pedalaman Khumbu Pasang Lhamu dan bâ€¦ https://t.co/hDoj9YmljP",0,0,2019-08-24 08:03:22,Azam Q â„¢,159
202,"RT @SinarOnline: Plastik sekali guna diharamkan di rantau Everest 

Larangan terbaharu di bandar pedalaman Khumbu Pasang Lhamu dan beberapaâ€¦",0,9,2019-08-24 08:03:19,ğŸ‘¨ğŸ¾â€ğŸ¦² + ğŸ¯,4277
203,"Plastik sekali guna diharamkan di rantau Everest 

Larangan terbaharu di bandar pedalaman Khumbu Pasang Lhamu dan bâ€¦ https://t.co/ezJ5H0Cmqo",11,9,2019-08-24 08:00:58,Sinar Harian,410844
204,"RT @OSG_PARZIVAL: #plastik im Trinkwasser, Plastik in der Luft, #AmazonFires  kappt Sauerstoff, Hass auf @GretaThunberg, Trump will GrÃ¶nlanâ€¦",0,1,2019-08-24 07:54:22,DerUwe,956
205,"#plastik im Trinkwasser, Plastik in der Luft, #AmazonFires  kappt Sauerstoff, Hass auf @GretaThunberg, Trump will Gâ€¦ https://t.co/ntH57BtwZ9",6,1,2019-08-24 07:47:22,Ralf Simon,53
206,"RT @News_Kunststoff: Die PlastiktÃ¼te hat die bessere Klimabilanz v @Tagesspiegel https://t.co/9ITU01YmJJ

#Ã¶kobilanz #plastik #Plastikfreiâ€¦",0,2,2019-08-24 07:31:28,recyclingnews,189
207,"RT @Liane13: #Gletscher in #Island und der #Schweiz sind tot. #Arktis und #Amazonas brennen. #Meere voller #Plastik, Atemluft voller Dreck.â€¦",0,341,2019-08-24 07:28:14,Elisabeth MÃ¼ller,355
208,Hunderte #Einweg-#Plastik|verpackungen haben wir fÃ¼r unsere #Aktion gegen den #Verpackungswahnsinn sammeln kÃ¶nnen.â€¦ https://t.co/OfMRtBNRqG,11,3,2019-08-24 07:04:00,Deutsche Umwelthilfe,49118
209,Heute sind wir mit einem Infostand auf dem #Sonnenmarkt der Lokalen Agenda. Wir haben unser #GlÃ¼cksrad dabei! Kommtâ€¦ https://t.co/NmXgfkhNX6,6,0,2019-08-24 06:32:47,BUND Mainz,398
210,"Die PlastiktÃ¼te hat die bessere Klimabilanz v @Tagesspiegel https://t.co/9ITU01YmJJ

#Ã¶kobilanz #plastikâ€¦ https://t.co/kGl1GHgfFl",4,2,2019-08-24 06:30:00,Newsroom.Kunststoffverpackungen,394
211,"RT @Liane13: #Gletscher in #Island und der #Schweiz sind tot. #Arktis und #Amazonas brennen. #Meere voller #Plastik, Atemluft voller Dreck.â€¦",0,341,2019-08-24 05:20:28,Gert,109
212,#Plastik https://t.co/T89lyVd5SV,4,1,2019-08-24 04:24:09,Badesab.P,321
213,"Jasa Cetak #Clipbag, #Goodybag, #Totebag, #Plastik Promosi dll https://t.co/J5TAwejhLw #jakarta #promosi #indonesia #sablon #konveksi #jasa",0,0,2019-08-24 04:00:38,TRACELINE APPAREL,7634
214,"Wieso kein PapiertÃ¼tenverbot?: Die #PlastiktÃ¼te hat die bessere Klimabilanz.

Antwort: Weil nicht sein kann, was niâ€¦ https://t.co/byBIV35qmd",0,0,2019-08-24 03:34:12,Winston Smith,387
215,"Manus award enters its ninth phase for plastic plain bearing applications
Read More And Get Informationâ€¦ https://t.co/Jd7UcAn1Tp",0,0,2019-08-24 03:22:47,Machine Maker,208
216,"Jasa Cetak #Clipbag, #Goodybag, #Totebag, #Plastik Promosi dll https://t.co/J5TAwejhLw #jakarta RETWEET ya ya :) infoBanjarmasin",0,0,2019-08-24 01:00:39,TRACELINE APPAREL,7634
217,"Das nenne ich mal #umweltfreundlich.
Essen in #Plastik einschweiÃŸen u kochen. #Aldi #fridayforfuture https://t.co/Hf6W8lxvSa",0,0,2019-08-23 20:43:34,(((VUru)))ğŸ³ï¸â€ğŸŒˆğŸ‡ªğŸ‡º,132
218,"@Tagesspiegel Das mit der Klimabilanz mag schon so sein, aber sagt das mal den Tieren mit Plastik - auch PlastiktÃ¼tâ€¦ https://t.co/MFoQ0pMzlN",4,0,2019-08-23 20:08:41,Dietmar Franzenburg,210
219,"RT @Liane13: #Gletscher in #Island und der #Schweiz sind tot. #Arktis und #Amazonas brennen. #Meere voller #Plastik, Atemluft voller Dreck.â€¦",0,341,2019-08-23 19:49:45,Chrissy,263
220,"@NaumLea @MBrasich @HalleVerkehrt @ronald_fein @Liane13 Eine groÃŸe Wirkung gÃ¤b es, wenn Menschen im Supermarkt u. Dâ€¦ https://t.co/2qrTMLrJkS",1,0,2019-08-23 19:27:52,Human perspectiveğŸ”»ğŸ³ï¸â€ğŸŒˆ â“‹ â˜®ï¸ ğŸï¸,239
221,"RT @Liane13: #Gletscher in #Island und der #Schweiz sind tot. #Arktis und #Amazonas brennen. #Meere voller #Plastik, Atemluft voller Dreck.â€¦",0,341,2019-08-23 18:41:32,Tobias Schmitt,86
222,"RT @Liane13: #Gletscher in #Island und der #Schweiz sind tot. #Arktis und #Amazonas brennen. #Meere voller #Plastik, Atemluft voller Dreck.â€¦",0,341,2019-08-23 18:38:35,ğŸŒº Marisa ğŸŒº,3379
223,"RT @Liane13: #Gletscher in #Island und der #Schweiz sind tot. #Arktis und #Amazonas brennen. #Meere voller #Plastik, Atemluft voller Dreck.â€¦",0,341,2019-08-23 18:36:40,yourhighness420,13
224,"KARGA Ä°NSANLIÄI UTANDIRDI !!!
Sokakta BulduÄŸu Plastik ÅiÅŸeyi Geri DÃ¶nÃ¼ÅŸÃ¼m Kutusuna Atan Karga GÃ¶renleri Hayrete DÃ¼ÅŸâ€¦ https://t.co/YbVU469QID",2,0,2019-08-23 17:50:41,Acayip Haber,131
225,Av. FÃ¸rst har man ikke styr pÃ¥ kontrakter og udbud. Nu fifler man med genanvendelses %  pÃ¥ plastik. Fuld offentlighâ€¦ https://t.co/h3x6e2N42C,3,0,2019-08-23 17:31:49,MetteAnnelie,1590
226,"RT @Liane13: #Gletscher in #Island und der #Schweiz sind tot. #Arktis und #Amazonas brennen. #Meere voller #Plastik, Atemluft voller Dreck.â€¦",0,341,2019-08-23 17:27:29,RNT â˜®ğŸ³ï¸â€ğŸŒˆğŸ‡ªğŸ‡º,890
227,"RT @Slimb_real: Them Plastik und Ã–l.

Warum redet eigentlich keiner Ã¼ber Kosmetik? 

#Klimaschutz #Plastik #Mikroplastik",0,1,2019-08-23 17:01:53,Anna,15
228,"RT @Liane13: #Gletscher in #Island und der #Schweiz sind tot. #Arktis und #Amazonas brennen. #Meere voller #Plastik, Atemluft voller Dreck.â€¦",0,341,2019-08-23 16:44:03,Adem Ã–zcan,5
229,Immer diese #Packungen aus #Pappe mit #Sichtfenster aus #Plastik. In welchen #MÃ¼lleimer soll die #Verpackung kommenâ€¦ https://t.co/gpvbYUqyKU,0,0,2019-08-23 16:34:47,MÃ¶hre,4
230,"RT @detloff_kim: Sehenswerte @ndr Reportage u.a. mit @NABU_de #fishingforlitter Ã¼ber #Plastik im #Meer, Forderungen an Politik und Industriâ€¦",0,5,2019-08-23 16:08:08,NABU BiodiversitÃ¤t,2915
231,"RT @plastik_umwelt: Die Bewerbungsfrist fÃ¼r die #PhD-#WinterSchool des @BMBF_Bund-Forschungsschwerpunkts ""#Plastik in der Umwelt"" ist bis ğŸ”œâ€¦",0,2,2019-08-23 16:04:38,Marius Hasenheit,2193
232,https://t.co/waUQDltYI7 #cactus #kaktus #plastic #plastik,0,0,2019-08-23 15:48:28,toodia.my,259
233,@dw_deutsch Ist ja auch kein #Plastik.,2,0,2019-08-23 15:45:21,"Rick, Hamburg",1327
234,"#ULan NayLon DÃ¼nyanÄ±n #PLastik Ä°nsanLarÄ±
Facebook'ta AgÄ±r AbÃ© ModLarÄ±
#SoKaKTa Pardon AÃŸÃ© AyaKLarÄ±
DÃ©Wam Edinâ€¦ https://t.co/QkSkwzoNN9",0,0,2019-08-23 15:00:22,Ä°smail GÃ¼nsay,1677
235,"@SAARTEXT @kulturzeit Ach Ottmar, der sich immer an die grossen namen dranhÃ¤ngt, diese in schlechtem #plastik-gussâ€¦ https://t.co/zURrpCfixA",0,0,2019-08-23 14:55:04,Karsten Neumann,45
236,"#MÃ¼ll #Plastik #Abfall #Umweltschutz #Natur #FreizeitspaÃŸ #Gedankenlosigkeit

Ergebnis meiner Sammelei am 2. Tag. Aâ€¦ https://t.co/mBXhh3QPFD",0,0,2019-08-23 14:48:14,Muell_to_go,0
237,"#MÃ¼ll #MÃ¼ll-to-go #wassolldas #Abfall #Plastik #Umwelt #Umweltschutz #machenstattmeckern

Ergebnis meiner ersten Saâ€¦ https://t.co/AGvoimtsjH",0,0,2019-08-23 14:46:05,Muell_to_go,0
238,"#MÃ¼ll #einfachweggeworfen #StraÃŸenrand #Umwelt #Plastik #Naturschutz

Aus dem Autofenster entsorgt. Fallengelassen.â€¦ https://t.co/522LwbEErk",0,0,2019-08-23 14:43:58,Muell_to_go,0
239,"#MÃ¼ll #Naturschutz #Plastik #einfachweggeworfen #Umwelt #biszuhausewarzuweit #auchindeinernÃ¤he 

MÃ¼ll. Er liegt Ã¼beâ€¦ https://t.co/FhxKnvDuBf",0,0,2019-08-23 14:42:12,Muell_to_go,0
240,Lehrreich und erschreckend - und definitiv sehenswert! Nicht nur fÃ¼r #Taucher! #AlleFuersKlima #DiversforFutureâ€¦ https://t.co/4wFomBvraF,1,0,2019-08-23 14:30:52,Taucherglocke,173
241,"RT @Liane13: #Gletscher in #Island und der #Schweiz sind tot. #Arktis und #Amazonas brennen. #Meere voller #Plastik, Atemluft voller Dreck.â€¦",0,341,2019-08-23 14:30:34,GlitzernderMond,20
242,Sosyal medyada gÃ¼ndem olan videoda karga boÅŸ #plastik ÅŸiÅŸeyi #geridÃ¶nÃ¼ÅŸÃ¼m kutusuna atÄ±yor ve dÃ¼nyayÄ± biraz daha dÃ¼zâ€¦ https://t.co/8i2ef65Mio,0,0,2019-08-23 14:29:42,Erkan Indibay,624
243,"RT @Liane13: #Gletscher in #Island und der #Schweiz sind tot. #Arktis und #Amazonas brennen. #Meere voller #Plastik, Atemluft voller Dreck.â€¦",0,341,2019-08-23 14:29:24,Nicht wichtig,779
244,"RT @Liane13: #Gletscher in #Island und der #Schweiz sind tot. #Arktis und #Amazonas brennen. #Meere voller #Plastik, Atemluft voller Dreck.â€¦",0,341,2019-08-23 14:23:39,mehmet turan,153
245,RT @S_Schwarzkopf: Nachtrag zum #Plastik: Es tut sich sehr langsam was im Wegwerfparadies USA. DC: Plastikstrohhalme in Restaurants verboteâ€¦,0,5,2019-08-23 14:22:36,N24 Doku,427
246,"may mga tao tlga nsa loob ang kulo! 
#Plastik #gigilmuch",0,0,2019-08-23 14:09:40,camella villamero,15
247,yung feeling na kanina kabang-kaba yung mga kaibigan ko dahil baka pagalitan ako ni papa tas biglang walang pake ngâ€¦ https://t.co/s76TVLnSJs,2,0,2019-08-23 13:59:30,trÃ­x,281
248,Euer Ernst @BurgerKing Mitarbeiter fÃ¼llt eine #Plastik Wasserflasche in einen Pappbecher mit #Plastikdeckel um undâ€¦ https://t.co/jaikxvgFl5,0,0,2019-08-23 13:57:21,Matthias,13
249,"RT @BMBF_Bund: #Plastik in der #Umwelt ist ein globales Problem. Die #Bundesregierung will den #MÃ¼ll reduzieren und erreichen, dass Plastikâ€¦",0,1,2019-08-23 13:36:18,Laura Weitze,26
